Workbook

Sheet Overview
B3: Test Case
E4: <MBFS - Báo cáo & Thống kê BI>
C11: Project Name | H11: Reviewer
C12: Function Name (Module) | H12: Role
C13: Platform | H13: Reviewed Date
C14: Created By | H14: Approver
C15: Role | H15: Role
C16: Created Date | H16: Approved Date
C17: Version

Sheet Test plan&report
B1: TEST REPORT
C2: Test coverage | D2: Test success coverage | E2: Total TCs | F2: Pass | G2: Fail | H2: Pending | I2: N/A | J2: Untested
B3: Window - Chrome | C3: ='Test Cases_Template'!L2 -> 0 | D3: ='Test Cases_Template'!N2 -> 0 | E3: ='Test Cases_Template'!K2 -> 0 | F3: ='Test Cases_Template'!F2 -> 0 | G3: ='Test Cases_Template'!G2 -> 0 | H3: ='Test Cases_Template'!H2 -> 0 | I3: ='Test Cases_Template'!I2 -> 0 | J3: ='Test Cases_Template'!J2 -> 0
B4: Window - MS Edge | C4: ='Test Cases_Template'!L3 -> 0 | D4: ='Test Cases_Template'!N3 -> 0 | E4: ='Test Cases_Template'!K3 -> 0 | F4: ='Test Cases_Template'!F3 -> 0 | G4: ='Test Cases_Template'!G3 -> 0 | H4: ='Test Cases_Template'!H3 -> 0 | I4: ='Test Cases_Template'!I3 -> 0 | J4: ='Test Cases_Template'!J3 -> 0
B5: Mac - Safari | C5: ='Test Cases_Template'!L4 -> 0 | D5: ='Test Cases_Template'!N4 -> 0 | E5: ='Test Cases_Template'!K4 -> 0 | F5: ='Test Cases_Template'!F4 -> 0 | G5: ='Test Cases_Template'!G4 -> 0 | H5: ='Test Cases_Template'!H4 -> 0 | I5: ='Test Cases_Template'!I4 -> 0 | J5: ='Test Cases_Template'!J4 -> 0
B6: Mac - Chrome | C6: ='Test Cases_Template'!L5 -> 0 | D6: ='Test Cases_Template'!N5 -> 0 | E6: ='Test Cases_Template'!K5 -> 0 | F6: ='Test Cases_Template'!F5 -> 0 | G6: ='Test Cases_Template'!G5 -> 0 | H6: ='Test Cases_Template'!H5 -> 0 | I6: ='Test Cases_Template'!I5 -> 0 | J6: ='Test Cases_Template'!J5 -> 0
B7: Total | C7: ='Test Cases_Template'!L6 -> 0 | D7: ='Test Cases_Template'!N6 -> 0 | E7: ='Test Cases_Template'!K6 -> 0 | F7: ='Test Cases_Template'!F6 -> 0 | G7: ='Test Cases_Template'!G6 -> 0 | H7: ='Test Cases_Template'!H6 -> 0 | I7: ='Test Cases_Template'!I6 -> 0 | J7: ='Test Cases_Template'!J6 -> 0
B11: TEST PLAN
B13: No | C13: Function ID | D13: Function Name | E13: Platform | F13: Screen list | G13: Est viewpoint | H13: Create Test Cases | L13: Execute Test Cases
H14: Est Time (h) | I14: Act Time (h) | J14: PIC | K14: Status | L14: Round 1 Est Time(h) | M14: Round 1 Act Time (h) | N14: Round 2 Est Time(h) | O14: Round 2 Act Time (h) | P14: Total Time (h) | Q14: PIC | R14: Status
B16: =ROW()-6 -> 10 | C16: FUNC01 | D16: Function_1 | P16: =L16+N16 -> 0
B17: =ROW()-6 -> 11 | C17: FUNC02 | D17: Function_2 | P17: =L17+N17 -> 0
B18: =ROW()-6 -> 12 | C18: FUNC03 | D18: Function_3 | P18: =L18+N18 -> 0
B19: =ROW()-6 -> 13 | C19: FUNC04 | D19: Function_4 | P19: =L19+N19 -> 0
B20: =ROW()-6 -> 14 | C20: FUNC05 | D20: Function_5 | P20: =L20+N20 -> 0
B21: =ROW()-6 -> 15 | C21: FUNC06 | D21: Function_6 | P21: =L21+N21 -> 0
B22: =ROW()-6 -> 16 | C22: FUNC07 | D22: Function_7 | P22: =L22+N22 -> 0
B23: =ROW()-6 -> 17 | C23: FUNC08 | D23: Function_8 | P23: =L23+N23 -> 0
B24: =ROW()-6 -> 18 | C24: FUNC09 | D24: Function_9 | P24: =L24+N24 -> 0
B25: =ROW()-6 -> 19 | C25: FUNC10 | D25: Function_10 | P25: =L25+N25 -> 0

Sheet Revisions
A1: HISTORY
A3: History
A4: Date | B4: Content | C4: Version | D4: Author | E4: Reviewer | F4: Approver

Sheet Test Cases_Template
A1: System Name | B1: Cổng Một Cửa Đầu Tư Quốc Gia - Báo cáo & Thống kê BI | F1: Pass | G1: Fail | H1: Pending | I1: N/A | J1: Untested | K1: Total | L1: % Test coverage | M1: Number of bugs | N1: % Success
A2: Module | B2: Quản lý xúc tiến đầu tư | E2: Window - Chrome | F2: =COUNTIF(G11:G1102, "Pass") + COUNTIF(W11:W994, "Pass") -> 0 | G2: =COUNTIF(G11:G1102, "Fail") - COUNTIF(W11:W994, "Pass") - COUNTIF(W11:W994, "Accepted") -> 0 | H2: =COUNTIF($G$11:$G$1102, "Pending") -> 0 | I2: =COUNTIF($G$11:$G$1102, "N/A") -> 0 | J2: =COUNTIF($G$11:$G$1102, "Untested") -> 0 | K2: =SUM(F2:J2) -> 0 | L2: =IFERROR(($F2+G2)/($K2-$I2-$H2),0) -> 0 | M2: =COUNTIF($J$10:$J994, "<>") -> 0 | N2: =IFERROR(F2/(K2-I2-H2),0) -> 0
A3: Function Name | E3: Window - MS Egde | F3: =COUNTIF(K11:K1103, "Pass") + COUNTIF(X11:X994, "Pass") -> 0 | G3: =COUNTIF(K11:K1103, "Fail") - COUNTIF(X11:X994, "Pass") - COUNTIF(X11:X994, "Accepted") -> 0 | H3: =COUNTIF($K$11:$K$1103, "Pending") -> 0 | I3: =COUNTIF($K$11:$K$1103, "N/A") -> 0 | J3: =COUNTIF($K$11:$K$1103, "Untested") -> 0 | K3: =SUM(F3:J3) -> 0 | L3: =IFERROR(($F3+G3)/($K3-$I3-$H3),0) -> 0 | M3: =COUNTIF($N$10:$N994, "<>") -> 0 | N3: =IFERROR(F3/(K3-I3-H3),0) -> 0
A4: Created By | C4: Created Date | E4: Mac - Safari | F4: =COUNTIF(O11:O1104, "Pass") + COUNTIF(Y11:Y994, "Pass") -> 0 | G4: =COUNTIF(O11:O1104, "Fail") - COUNTIF(Y11:Y994, "Pass") - COUNTIF(Y11:Y994, "Accepted") -> 0 | H4: =COUNTIF($O$11:$O$1104, "Pending") -> 0 | I4: =COUNTIF($O$11:$O$1104, "N/A") -> 0 | J4: =COUNTIF($O$11:$O$1104, "Untested") -> 0 | K4: =SUM(F4:J4) -> 0 | L4: =IFERROR(($F4+G4)/($K4-$I4-$H4),0) -> 0 | M4: =COUNTIF($R$10:$R994, "<>") -> 0 | N4: =IFERROR(F4/(K4-I4-H4),0) -> 0
A5: Executed By | C5: Executed Date | E5: Mac - Chrome | F5: =COUNTIF(S11:S1105, "Pass") + COUNTIF(Z11:Z994, "Pass") -> 0 | G5: =COUNTIF(S11:S1105, "Fail") - COUNTIF(Z11:Z994, "Pass") - COUNTIF(Z11:Z994, "Accepted") -> 0 | H5: =COUNTIF($S$11:$S$1105, "Pending") -> 0 | I5: =COUNTIF($S$11:$S$1105, "N/A") -> 0 | J5: =COUNTIF($S$11:$S$1105, "Untested") -> 0 | K5: =SUM(F5:J5) -> 0 | L5: =IFERROR(($F5+G5)/($K5-$I5-$H5),0) -> 0 | M5: =COUNTIF($V$10:$V994, "<>") -> 0 | N5: =IFERROR(F5/(K5-I5-H5),0) -> 0
A6: Notes | E6: Total | F6: =SUM(F2:F5) -> 0 | G6: =SUM(G2:G5) -> 0 | H6: =SUM(H2:H5) -> 0 | I6: =SUM(I2:I5) -> 0 | J6: =SUM(J2:J5) -> 0 | K6: =SUM(F6:J6) -> 0 | L6: =IFERROR(($F6+G6)/($K6-$I6-$H6),0) -> 0 | M6: =SUM(M2:M5) -> 0 | N6: =IFERROR(F6/(K6-I6-H6),0) -> 0
A7: ID_TC | B7: Test Title/Summary of test cases | C7: Pre-condition | D7: Step | E7: Expected Result | F7: Data/Note | G7: Round 1 | W7: Round 2
G8: Window - Chrome | K8: Window - MS Edge | O8: Mac - Safari | S8: Mac - Chrome | W8: Test Result | AA8: Execute Date | AB8: PIC
G9: Test Result | H9: PIC | I9: Execute Date | J9: ID Bug | K9: Test Result | L9: PIC | M9: Execute Date | N9: ID Bug | O9: Test Result | P9: PIC | Q9: Execute Date | R9: ID Bug | S9: Test Result | T9: PIC | U9: Execute Date | V9: ID Bug | W9: Window - Chrome | X9: Window - MS Edge | Y9: Mac - Safari | Z9: Mac - Chrome

Sheet Template báo cáo
A1: Cap lại ảnh template của các báo cáo có trong module này or import báo cáo từ doc của BA

Sheet WFDesign
